Position,REF,ALT,F1,F2,F3,F4,F5,S1,S2,S3,S4,S5,L1,L2,L3,L4,L5,L6,L7,L8,L9
2422250,C,T,0,0,0,0,0,0,1,0,1,0,0,0,0,0,0,0,0,0,0
2422382,A,T,0,0,0,0,0,0,0,0,0,0,0,0,1,0,0,0,0,0,0
2422402,C,A,0,0,0,0,0,0,0,0,0,0,0,0,0,0,0,0,0,0,0
2422544,G,A,0,0,0,0,0,0,0,0,0,0,0,0,0,0,0,0,0,0,0
2422651,T,C,0,0,0,0,0,1,1,1,1,1,0,0,0,0,0,0,0,0,0
2422652,A,T,1,1,1,1,1,0,0,0,0,0,0,0,0,0,0,0,0,0,0
2422697,T,A,0,0,0,0,0,0,0,0,0,0,0,0,1,0,0,0,0,0,0
2422907,C,T,0,0,0,0,0,0,0,0,0,0,0,0,0,0,0,0,0,0,0
2422910,T,A,1,0,1,1,0,0,0,0,0,0,0,0,0,1,0,1,0,0,1
2423291,T,G,1,1,1,1,1,1,1,1,1,1,1,1,1,1,0,1,1,1,1
2423428,A,G,0,0,0,0,0,0,0,0,0,0,0,0,0,0,0,0,0,0,0
2423436,G,T,0,0,0,0,0,0,0,0,0,0,0,0,1,0,0,0,0,0,0
2423538,A,G,0,0,0,0,0,0,0,1,0,0,0,0,0,0,0,0,0,0,0
2423548,A,T,0,0,0,0,0,0,0,0,0,0,0,0,0,0,0,0,0,0,0
2423580,G,A,0,0,0,0,0,0,0,0,0,0,0,0,1,0,0,0,0,0,0
2423611,A,G,0,0,0,0,0,0,0,0,0,0,0,0,0,0,0,0,0,0,0
2423667,C,T,0,0,0,0,0,0,1,0,0,0,0,0,0,0,0,0,0,0,0
2423671,A,G,0,0,0,0,0,1,0,0,0,0,0,1,0,0,0,0,0,0,0
2423679,T,A,1,1,1,1,1,1,1,1,1,1,1,1,1,1,0,1,1,1,1
2423839,A,T,0,0,0,0,0,0,0,0,0,0,0,0,0,0,0,0,0,0,0
2423897,G,A,0,0,0,0,0,0,0,0,0,0,0,0,1,0,0,0,0,0,0
2424018,T,A,1,1,1,1,1,1,1,1,1,1,1,1,0,1,0,1,1,0,1
2424135,A,C,0,0,0,0,0,0,0,0,0,0,0,0,1,0,0,0,0,0,0
2424295,G,A,0,0,0,0,0,0,0,0,0,0,0,0,0,0,0,0,0,0,0
2424535,G,C,0,0,0,0,0,0,0,0,0,0,0,0,1,0,0,0,0,0,0
2424541,C,T,0,0,0,0,0,0,0,0,0,0,0,0,0,1,0,0,0,0,0
2424576,T,C,0,0,0,0,0,0,0,0,0,0,0,0,1,0,0,0,0,0,0
2424597,G,A,0,0,0,0,0,0,0,0,0,0,0,0,0,0,0,0,0,0,0
2424887,A,C,0,0,0,0,0,0,0,0,0,0,0,0,0,0,0,0,0,0,0
2425016,C,T,1,1,1,1,1,0,1,1,1,1,1,0,0,1,0,1,1,0,1
2425052,G,A,0,1,0,0,0,0,0,1,1,1,1,0,0,0,0,0,0,0,0
2425130,T,C,0,0,0,0,0,0,0,0,0,0,0,0,0,0,0,0,0,0,0
2425247,G,C,0,0,0,0,0,0,0,0,0,0,0,0,0,0,0,0,0,0,0
2425567,G,A,0,0,0,0,0,0,0,0,0,0,0,0,0,0,0,0,0,1,0
2425597,A,C,0,0,0,0,0,0,0,0,0,0,0,0,0,0,0,0,0,0,0
2425628,T,A,0,0,0,0,0,0,0,0,0,0,0,0,0,0,0,0,0,0,0
2425631,C,A,0,0,0,0,0,0,0,0,0,0,0,0,0,0,0,0,0,0,0
2425747,C,G,0,0,0,0,0,0,0,0,0,0,0,0,0,0,0,0,0,0,0
2425766,T,A,0,0,0,0,0,0,1,0,0,0,0,0,0,0,0,0,0,0,0
2426010,C,T,0,1,0,0,0,0,0,0,0,0,0,0,0,0,0,0,0,0,0
2426025,A,T,0,0,0,0,0,0,0,0,0,0,0,0,0,0,0,0,0,0,0
2426064,C,A,1,0,0,0,0,0,0,0,0,0,0,0,0,0,0,1,0,0,0
2426097,T,C,0,0,0,0,0,1,0,0,0,0,0,0,0,0,0,0,0,0,0
2426150,T,A,0,0,0,0,0,0,0,0,0,0,0,0,0,0,0,0,0,0,0
2426182,T,C,0,0,0,0,0,0,0,0,0,0,0,0,1,0,0,0,0,0,0
2426184,A,C,0,0,0,0,0,0,0,0,0,0,0,0,0,0,0,0,0,0,0
2426234,C,A,0,0,0,0,0,0,0,0,0,0,0,0,0,0,1,0,0,0,0
2426266,T,C,0,0,0,0,0,0,0,0,0,0,0,0,0,0,0,0,0,0,0
2426521,A,T,0,0,1,0,0,0,0,0,0,0,0,0,0,0,0,0,0,0,0
